protein_name,protein_pdb,compound_name,smiles
ADAMTS-5,protein/6YJM.pdb,Resveratrol,C1=CC(=CC=C1C=CC2=CC(=CC=C2)O)O
ADAMTS-5,protein/6YJM.pdb,Quercetin,O=c1c(O)c(-c2ccc(O)c(O)c2)oc2cc(O)cc(O)c12
ADAMTS-5,protein/6YJM.pdb,Melatonin,COC1=CC=CC(=C1O)CCNC(=O)CC2=CN=CN2
ADAMTS-5,protein/6YJM.pdb,Curcumin,COC1=C(O)C=CC(=C1)C=CC(=O)CC(=O)C=CC2=CC(=C(C=C2)O)OC
ADAMTS-5,protein/6YJM.pdb,Baicalein,C1=CC(=C(C=C1O)O)C2=CC(=O)C3=C(C=C(C=C3O2)O)O
MMP-7,protein/7WXX.pdb,Resveratrol,C1=CC(=CC=C1C=CC2=CC(=CC=C2)O)O
MMP-7,protein/7WXX.pdb,Quercetin,O=c1c(O)c(-c2ccc(O)c(O)c2)oc2cc(O)cc(O)c12
MMP-7,protein/7WXX.pdb,Melatonin,COC1=CC=CC(=C1O)CCNC(=O)CC2=CN=CN2
MMP-7,protein/7WXX.pdb,Curcumin,COC1=C(O)C=CC(=C1)C=CC(=O)CC(=O)C=CC2=CC(=C(C=C2)O)OC
MMP-7,protein/7WXX.pdb,Baicalein,C1=CC(=C(C=C1O)O)C2=CC(=O)C3=C(C=C(C=C3O2)O)O
MMP-13,protein/2OW9.pdb,Resveratrol,C1=CC(=CC=C1C=CC2=CC(=CC=C2)O)O
MMP-13,protein/2OW9.pdb,Quercetin,O=c1c(O)c(-c2ccc(O)c(O)c2)oc2cc(O)cc(O)c12
MMP-13,protein/2OW9.pdb,Melatonin,COC1=CC=CC(=C1O)CCNC(=O)CC2=CN=CN2
MMP-13,protein/2OW9.pdb,Curcumin,COC1=C(O)C=CC(=C1)C=CC(=O)CC(=O)C=CC2=CC(=C(C=C2)O)OC
MMP-13,protein/2OW9.pdb,Baicalein,C1=CC(=C(C=C1O)O)C2=CC(=O)C3=C(C=C(C=C3O2)O)O
MMP-19,AlphaFold_Q99542,Resveratrol,C1=CC(=CC=C1C=CC2=CC(=CC=C2)O)O
MMP-19,AlphaFold_Q99542,Quercetin,O=c1c(O)c(-c2ccc(O)c(O)c2)oc2cc(O)cc(O)c12
MMP-19,AlphaFold_Q99542,Melatonin,COC1=CC=CC(=C1O)CCNC(=O)CC2=CN=CN2
MMP-19,AlphaFold_Q99542,Curcumin,COC1=C(O)C=CC(=C1)C=CC(=O)CC(=O)C=CC2=CC(=C(C=C2)O)OC
MMP-19,AlphaFold_Q99542,Baicalein,C1=CC(=C(C=C1O)O)C2=CC(=O)C3=C(C=C(C=C3O2)O)O
IL-6,protein/1P9M.pdb,Resveratrol,C1=CC(=CC=C1C=CC2=CC(=CC=C2)O)O
IL-6,protein/1P9M.pdb,Quercetin,O=c1c(O)c(-c2ccc(O)c(O)c2)oc2cc(O)cc(O)c12
IL-6,protein/1P9M.pdb,Melatonin,COC1=CC=CC(=C1O)CCNC(=O)CC2=CN=CN2
IL-6,protein/1P9M.pdb,Curcumin,COC1=C(O)C=CC(=C1)C=CC(=O)CC(=O)C=CC2=CC(=C(C=C2)O)OC
IL-6,protein/1P9M.pdb,Baicalein,C1=CC(=C(C=C1O)O)C2=CC(=O)C3=C(C=C(C=C3O2)O)O
MD-2,protein/2E59.pdb,Resveratrol,C1=CC(=CC=C1C=CC2=CC(=CC=C2)O)O
MD-2,protein/2E59.pdb,Quercetin,O=c1c(O)c(-c2ccc(O)c(O)c2)oc2cc(O)cc(O)c12
MD-2,protein/2E59.pdb,Melatonin,COC1=CC=CC(=C1O)CCNC(=O)CC2=CN=CN2
MD-2,protein/2E59.pdb,Curcumin,COC1=C(O)C=CC(=C1)C=CC(=O)CC(=O)C=CC2=CC(=C(C=C2)O)OC
MD-2,protein/2E59.pdb,Baicalein,C1=CC(=C(C=C1O)O)C2=CC(=O)C3=C(C=C(C=C3O2)O)O
TNF-alpha,protein/2AZ5.pdb,Resveratrol,C1=CC(=CC=C1C=CC2=CC(=CC=C2)O)O
TNF-alpha,protein/2AZ5.pdb,Quercetin,O=c1c(O)c(-c2ccc(O)c(O)c2)oc2cc(O)cc(O)c12
TNF-alpha,protein/2AZ5.pdb,Melatonin,COC1=CC=CC(=C1O)CCNC(=O)CC2=CN=CN2
TNF-alpha,protein/2AZ5.pdb,Curcumin,COC1=C(O)C=CC(=C1)C=CC(=O)CC(=O)C=CC2=CC(=C(C=C2)O)OC
TNF-alpha,protein/2AZ5.pdb,Baicalein,C1=CC(=C(C=C1O)O)C2=CC(=O)C3=C(C=C(C=C3O2)O)O
NLRP3,protein/9HG4.pdb,Resveratrol,C1=CC(=CC=C1C=CC2=CC(=CC=C2)O)O
NLRP3,protein/9HG4.pdb,Quercetin,O=c1c(O)c(-c2ccc(O)c(O)c2)oc2cc(O)cc(O)c12
NLRP3,protein/9HG4.pdb,Melatonin,COC1=CC=CC(=C1O)CCNC(=O)CC2=CN=CN2
NLRP3,protein/9HG4.pdb,Curcumin,COC1=C(O)C=CC(=C1)C=CC(=O)CC(=O)C=CC2=CC(=C(C=C2)O)OC
NLRP3,protein/9HG4.pdb,Baicalein,C1=CC(=C(C=C1O)O)C2=CC(=O)C3=C(C=C(C=C3O2)O)O
IL-1beta,protein/8C3U.pdb,Resveratrol,C1=CC(=CC=C1C=CC2=CC(=CC=C2)O)O
IL-1beta,protein/8C3U.pdb,Quercetin,O=c1c(O)c(-c2ccc(O)c(O)c2)oc2cc(O)cc(O)c12
IL-1beta,protein/8C3U.pdb,Melatonin,COC1=CC=CC(=C1O)CCNC(=O)CC2=CN=CN2
IL-1beta,protein/8C3U.pdb,Curcumin,COC1=C(O)C=CC(=C1)C=CC(=O)CC(=O)C=CC2=CC(=C(C=C2)O)OC
IL-1beta,protein/8C3U.pdb,Baicalein,C1=CC(=C(C=C1O)O)C2=CC(=O)C3=C(C=C(C=C3O2)O)O
IKKbeta,protein/4KIK.pdb,Resveratrol,C1=CC(=CC=C1C=CC2=CC(=CC=C2)O)O
IKKbeta,protein/4KIK.pdb,Quercetin,O=c1c(O)c(-c2ccc(O)c(O)c2)oc2cc(O)cc(O)c12
IKKbeta,protein/4KIK.pdb,Melatonin,COC1=CC=CC(=C1O)CCNC(=O)CC2=CN=CN2
IKKbeta,protein/4KIK.pdb,Curcumin,COC1=C(O)C=CC(=C1)C=CC(=O)CC(=O)C=CC2=CC(=C(C=C2)O)OC
IKKbeta,protein/4KIK.pdb,Baicalein,C1=CC(=C(C=C1O)O)C2=CC(=O)C3=C(C=C(C=C3O2)O)O
HIF-1alpha,protein/4ZPR.pdb,Resveratrol,C1=CC(=CC=C1C=CC2=CC(=CC=C2)O)O
HIF-1alpha,protein/4ZPR.pdb,Quercetin,O=c1c(O)c(-c2ccc(O)c(O)c2)oc2cc(O)cc(O)c12
HIF-1alpha,protein/4ZPR.pdb,Melatonin,COC1=CC=CC(=C1O)CCNC(=O)CC2=CN=CN2
HIF-1alpha,protein/4ZPR.pdb,Curcumin,COC1=C(O)C=CC(=C1)C=CC(=O)CC(=O)C=CC2=CC(=C(C=C2)O)OC
HIF-1alpha,protein/4ZPR.pdb,Baicalein,C1=CC(=C(C=C1O)O)C2=CC(=O)C3=C(C=C(C=C3O2)O)O
SIRT1,protein/4I5I.pdb,Resveratrol,C1=CC(=CC=C1C=CC2=CC(=CC=C2)O)O
SIRT1,protein/4I5I.pdb,Quercetin,O=c1c(O)c(-c2ccc(O)c(O)c2)oc2cc(O)cc(O)c12
SIRT1,protein/4I5I.pdb,Melatonin,COC1=CC=CC(=C1O)CCNC(=O)CC2=CN=CN2
SIRT1,protein/4I5I.pdb,Curcumin,COC1=C(O)C=CC(=C1)C=CC(=O)CC(=O)C=CC2=CC(=C(C=C2)O)OC
SIRT1,protein/4I5I.pdb,Baicalein,C1=CC(=C(C=C1O)O)C2=CC(=O)C3=C(C=C(C=C3O2)O)O
SOX9,protein/4EUW.pdb,Resveratrol,C1=CC(=CC=C1C=CC2=CC(=CC=C2)O)O
SOX9,protein/4EUW.pdb,Quercetin,O=c1c(O)c(-c2ccc(O)c(O)c2)oc2cc(O)cc(O)c12
SOX9,protein/4EUW.pdb,Melatonin,COC1=CC=CC(=C1O)CCNC(=O)CC2=CN=CN2
SOX9,protein/4EUW.pdb,Curcumin,COC1=C(O)C=CC(=C1)C=CC(=O)CC(=O)C=CC2=CC(=C(C=C2)O)OC
SOX9,protein/4EUW.pdb,Baicalein,C1=CC(=C(C=C1O)O)C2=CC(=O)C3=C(C=C(C=C3O2)O)O
COL2A1,protein/6JEC.pdb,Resveratrol,C1=CC(=CC=C1C=CC2=CC(=CC=C2)O)O
COL2A1,protein/6JEC.pdb,Quercetin,O=c1c(O)c(-c2ccc(O)c(O)c2)oc2cc(O)cc(O)c12
COL2A1,protein/6JEC.pdb,Melatonin,COC1=CC=CC(=C1O)CCNC(=O)CC2=CN=CN2
COL2A1,protein/6JEC.pdb,Curcumin,COC1=C(O)C=CC(=C1)C=CC(=O)CC(=O)C=CC2=CC(=C(C=C2)O)OC
COL2A1,protein/6JEC.pdb,Baicalein,C1=CC(=C(C=C1O)O)C2=CC(=O)C3=C(C=C(C=C3O2)O)O
ACAN,protein/9DFF.pdb,Resveratrol,C1=CC(=CC=C1C=CC2=CC(=CC=C2)O)O
ACAN,protein/9DFF.pdb,Quercetin,O=c1c(O)c(-c2ccc(O)c(O)c2)oc2cc(O)cc(O)c12
ACAN,protein/9DFF.pdb,Melatonin,COC1=CC=CC(=C1O)CCNC(=O)CC2=CN=CN2
ACAN,protein/9DFF.pdb,Curcumin,COC1=C(O)C=CC(=C1)C=CC(=O)CC(=O)C=CC2=CC(=C(C=C2)O)OC
ACAN,protein/9DFF.pdb,Baicalein,C1=CC(=C(C=C1O)O)C2=CC(=O)C3=C(C=C(C=C3O2)O)O
STAT3,protein/6NJS.pdb,Resveratrol,C1=CC(=CC=C1C=CC2=CC(=CC=C2)O)O
STAT3,protein/6NJS.pdb,Quercetin,O=c1c(O)c(-c2ccc(O)c(O)c2)oc2cc(O)cc(O)c12
STAT3,protein/6NJS.pdb,Melatonin,COC1=CC=CC(=C1O)CCNC(=O)CC2=CN=CN2
STAT3,protein/6NJS.pdb,Curcumin,COC1=C(O)C=CC(=C1)C=CC(=O)CC(=O)C=CC2=CC(=C(C=C2)O)OC
STAT3,protein/6NJS.pdb,Baicalein,C1=CC(=C(C=C1O)O)C2=CC(=O)C3=C(C=C(C=C3O2)O)O
