protein,compound,binding_affinity,status,selected_chain_id,work_directory,message
MMP-7,Resveratrol,-6.458,SUCCESS,A,C:\Users\rishi\OneDrive\Desktop\DistDockNet\results\MMP-7\Resveratrol,C:\Users\rishi\OneDrive\Desktop\DistDockNet\results\MMP-7\Resveratrol\docking_output.pdbqt
MMP-7,Quercetin,-7.524,SUCCESS,A,C:\Users\rishi\OneDrive\Desktop\DistDockNet\results\MMP-7\Quercetin,C:\Users\rishi\OneDrive\Desktop\DistDockNet\results\MMP-7\Quercetin\docking_output.pdbqt
MMP-7,Melatonin,-6.731,SUCCESS,A,C:\Users\rishi\OneDrive\Desktop\DistDockNet\results\MMP-7\Melatonin,C:\Users\rishi\OneDrive\Desktop\DistDockNet\results\MMP-7\Melatonin\docking_output.pdbqt
MMP-7,Curcumin,-6.771,SUCCESS,A,C:\Users\rishi\OneDrive\Desktop\DistDockNet\results\MMP-7\Curcumin,C:\Users\rishi\OneDrive\Desktop\DistDockNet\results\MMP-7\Curcumin\docking_output.pdbqt
MMP-7,Baicalein,-7.681,SUCCESS,A,C:\Users\rishi\OneDrive\Desktop\DistDockNet\results\MMP-7\Baicalein,C:\Users\rishi\OneDrive\Desktop\DistDockNet\results\MMP-7\Baicalein\docking_output.pdbqt
MMP-13,Resveratrol,-8.775,SUCCESS,A,C:\Users\rishi\OneDrive\Desktop\DistDockNet\results\MMP-13\Resveratrol,C:\Users\rishi\OneDrive\Desktop\DistDockNet\results\MMP-13\Resveratrol\docking_output.pdbqt
MMP-13,Quercetin,-10.305,SUCCESS,A,C:\Users\rishi\OneDrive\Desktop\DistDockNet\results\MMP-13\Quercetin,C:\Users\rishi\OneDrive\Desktop\DistDockNet\results\MMP-13\Quercetin\docking_output.pdbqt
MMP-13,Melatonin,-7.836,SUCCESS,A,C:\Users\rishi\OneDrive\Desktop\DistDockNet\results\MMP-13\Melatonin,C:\Users\rishi\OneDrive\Desktop\DistDockNet\results\MMP-13\Melatonin\docking_output.pdbqt
MMP-13,Curcumin,-9.488,SUCCESS,A,C:\Users\rishi\OneDrive\Desktop\DistDockNet\results\MMP-13\Curcumin,C:\Users\rishi\OneDrive\Desktop\DistDockNet\results\MMP-13\Curcumin\docking_output.pdbqt
MMP-13,Baicalein,-9.37,SUCCESS,A,C:\Users\rishi\OneDrive\Desktop\DistDockNet\results\MMP-13\Baicalein,C:\Users\rishi\OneDrive\Desktop\DistDockNet\results\MMP-13\Baicalein\docking_output.pdbqt
MMP-19,Resveratrol,-7.431,SUCCESS,A,C:\Users\rishi\OneDrive\Desktop\DistDockNet\results\MMP-19\Resveratrol,C:\Users\rishi\OneDrive\Desktop\DistDockNet\results\MMP-19\Resveratrol\docking_output.pdbqt
MMP-19,Quercetin,-7.697,SUCCESS,A,C:\Users\rishi\OneDrive\Desktop\DistDockNet\results\MMP-19\Quercetin,C:\Users\rishi\OneDrive\Desktop\DistDockNet\results\MMP-19\Quercetin\docking_output.pdbqt
MMP-19,Melatonin,-5.59,SUCCESS,A,C:\Users\rishi\OneDrive\Desktop\DistDockNet\results\MMP-19\Melatonin,C:\Users\rishi\OneDrive\Desktop\DistDockNet\results\MMP-19\Melatonin\docking_output.pdbqt
MMP-19,Curcumin,-5.786,SUCCESS,A,C:\Users\rishi\OneDrive\Desktop\DistDockNet\results\MMP-19\Curcumin,C:\Users\rishi\OneDrive\Desktop\DistDockNet\results\MMP-19\Curcumin\docking_output.pdbqt
MMP-19,Baicalein,-7.6,SUCCESS,A,C:\Users\rishi\OneDrive\Desktop\DistDockNet\results\MMP-19\Baicalein,C:\Users\rishi\OneDrive\Desktop\DistDockNet\results\MMP-19\Baicalein\docking_output.pdbqt
IL-6,Resveratrol,-7.057,SUCCESS,A,C:\Users\rishi\OneDrive\Desktop\DistDockNet\results\IL-6\Resveratrol,C:\Users\rishi\OneDrive\Desktop\DistDockNet\results\IL-6\Resveratrol\docking_output.pdbqt
IL-6,Quercetin,-7.878,SUCCESS,A,C:\Users\rishi\OneDrive\Desktop\DistDockNet\results\IL-6\Quercetin,C:\Users\rishi\OneDrive\Desktop\DistDockNet\results\IL-6\Quercetin\docking_output.pdbqt
IL-6,Melatonin,-6.251,SUCCESS,A,C:\Users\rishi\OneDrive\Desktop\DistDockNet\results\IL-6\Melatonin,C:\Users\rishi\OneDrive\Desktop\DistDockNet\results\IL-6\Melatonin\docking_output.pdbqt
IL-6,Curcumin,-6.188,SUCCESS,A,C:\Users\rishi\OneDrive\Desktop\DistDockNet\results\IL-6\Curcumin,C:\Users\rishi\OneDrive\Desktop\DistDockNet\results\IL-6\Curcumin\docking_output.pdbqt
IL-6,Baicalein,-7.733,SUCCESS,A,C:\Users\rishi\OneDrive\Desktop\DistDockNet\results\IL-6\Baicalein,C:\Users\rishi\OneDrive\Desktop\DistDockNet\results\IL-6\Baicalein\docking_output.pdbqt
MD-2,Resveratrol,-8.297,SUCCESS,A,C:\Users\rishi\OneDrive\Desktop\DistDockNet\results\MD-2\Resveratrol,C:\Users\rishi\OneDrive\Desktop\DistDockNet\results\MD-2\Resveratrol\docking_output.pdbqt
MD-2,Quercetin,-7.855,SUCCESS,A,C:\Users\rishi\OneDrive\Desktop\DistDockNet\results\MD-2\Quercetin,C:\Users\rishi\OneDrive\Desktop\DistDockNet\results\MD-2\Quercetin\docking_output.pdbqt
MD-2,Melatonin,-6.256,SUCCESS,A,C:\Users\rishi\OneDrive\Desktop\DistDockNet\results\MD-2\Melatonin,C:\Users\rishi\OneDrive\Desktop\DistDockNet\results\MD-2\Melatonin\docking_output.pdbqt
MD-2,Curcumin,-7.326,SUCCESS,A,C:\Users\rishi\OneDrive\Desktop\DistDockNet\results\MD-2\Curcumin,C:\Users\rishi\OneDrive\Desktop\DistDockNet\results\MD-2\Curcumin\docking_output.pdbqt
MD-2,Baicalein,-7.712,SUCCESS,A,C:\Users\rishi\OneDrive\Desktop\DistDockNet\results\MD-2\Baicalein,C:\Users\rishi\OneDrive\Desktop\DistDockNet\results\MD-2\Baicalein\docking_output.pdbqt
IL-1beta,Resveratrol,-6.785,SUCCESS,A,C:\Users\rishi\OneDrive\Desktop\DistDockNet\results\IL-1beta\Resveratrol,C:\Users\rishi\OneDrive\Desktop\DistDockNet\results\IL-1beta\Resveratrol\docking_output.pdbqt
IL-1beta,Quercetin,-7.471,SUCCESS,A,C:\Users\rishi\OneDrive\Desktop\DistDockNet\results\IL-1beta\Quercetin,C:\Users\rishi\OneDrive\Desktop\DistDockNet\results\IL-1beta\Quercetin\docking_output.pdbqt
IL-1beta,Melatonin,-6.338,SUCCESS,A,C:\Users\rishi\OneDrive\Desktop\DistDockNet\results\IL-1beta\Melatonin,C:\Users\rishi\OneDrive\Desktop\DistDockNet\results\IL-1beta\Melatonin\docking_output.pdbqt
IL-1beta,Curcumin,-6.434,SUCCESS,A,C:\Users\rishi\OneDrive\Desktop\DistDockNet\results\IL-1beta\Curcumin,C:\Users\rishi\OneDrive\Desktop\DistDockNet\results\IL-1beta\Curcumin\docking_output.pdbqt
IL-1beta,Baicalein,-7.519,SUCCESS,A,C:\Users\rishi\OneDrive\Desktop\DistDockNet\results\IL-1beta\Baicalein,C:\Users\rishi\OneDrive\Desktop\DistDockNet\results\IL-1beta\Baicalein\docking_output.pdbqt
HIF-1alpha,Resveratrol,-7.324,SUCCESS,A,C:\Users\rishi\OneDrive\Desktop\DistDockNet\results\HIF-1alpha\Resveratrol,C:\Users\rishi\OneDrive\Desktop\DistDockNet\results\HIF-1alpha\Resveratrol\docking_output.pdbqt
HIF-1alpha,Quercetin,-6.951,SUCCESS,A,C:\Users\rishi\OneDrive\Desktop\DistDockNet\results\HIF-1alpha\Quercetin,C:\Users\rishi\OneDrive\Desktop\DistDockNet\results\HIF-1alpha\Quercetin\docking_output.pdbqt
HIF-1alpha,Melatonin,-6.424,SUCCESS,A,C:\Users\rishi\OneDrive\Desktop\DistDockNet\results\HIF-1alpha\Melatonin,C:\Users\rishi\OneDrive\Desktop\DistDockNet\results\HIF-1alpha\Melatonin\docking_output.pdbqt
HIF-1alpha,Curcumin,-6.779,SUCCESS,A,C:\Users\rishi\OneDrive\Desktop\DistDockNet\results\HIF-1alpha\Curcumin,C:\Users\rishi\OneDrive\Desktop\DistDockNet\results\HIF-1alpha\Curcumin\docking_output.pdbqt
HIF-1alpha,Baicalein,-7.39,SUCCESS,A,C:\Users\rishi\OneDrive\Desktop\DistDockNet\results\HIF-1alpha\Baicalein,C:\Users\rishi\OneDrive\Desktop\DistDockNet\results\HIF-1alpha\Baicalein\docking_output.pdbqt
COL2A1,Resveratrol,-3.267,SUCCESS,A,C:\Users\rishi\OneDrive\Desktop\DistDockNet\results\COL2A1\Resveratrol,C:\Users\rishi\OneDrive\Desktop\DistDockNet\results\COL2A1\Resveratrol\docking_output.pdbqt
COL2A1,Quercetin,-3.838,SUCCESS,A,C:\Users\rishi\OneDrive\Desktop\DistDockNet\results\COL2A1\Quercetin,C:\Users\rishi\OneDrive\Desktop\DistDockNet\results\COL2A1\Quercetin\docking_output.pdbqt
COL2A1,Melatonin,-3.168,SUCCESS,A,C:\Users\rishi\OneDrive\Desktop\DistDockNet\results\COL2A1\Melatonin,C:\Users\rishi\OneDrive\Desktop\DistDockNet\results\COL2A1\Melatonin\docking_output.pdbqt
COL2A1,Curcumin,-3.002,SUCCESS,A,C:\Users\rishi\OneDrive\Desktop\DistDockNet\results\COL2A1\Curcumin,C:\Users\rishi\OneDrive\Desktop\DistDockNet\results\COL2A1\Curcumin\docking_output.pdbqt
COL2A1,Baicalein,-3.945,SUCCESS,A,C:\Users\rishi\OneDrive\Desktop\DistDockNet\results\COL2A1\Baicalein,C:\Users\rishi\OneDrive\Desktop\DistDockNet\results\COL2A1\Baicalein\docking_output.pdbqt
ACAN,Resveratrol,-7.798,SUCCESS,A,C:\Users\rishi\OneDrive\Desktop\DistDockNet\results\ACAN\Resveratrol,C:\Users\rishi\OneDrive\Desktop\DistDockNet\results\ACAN\Resveratrol\docking_output.pdbqt
ACAN,Quercetin,-8.483,SUCCESS,A,C:\Users\rishi\OneDrive\Desktop\DistDockNet\results\ACAN\Quercetin,C:\Users\rishi\OneDrive\Desktop\DistDockNet\results\ACAN\Quercetin\docking_output.pdbqt
ACAN,Melatonin,-7.409,SUCCESS,A,C:\Users\rishi\OneDrive\Desktop\DistDockNet\results\ACAN\Melatonin,C:\Users\rishi\OneDrive\Desktop\DistDockNet\results\ACAN\Melatonin\docking_output.pdbqt
ACAN,Curcumin,-8.35,SUCCESS,A,C:\Users\rishi\OneDrive\Desktop\DistDockNet\results\ACAN\Curcumin,C:\Users\rishi\OneDrive\Desktop\DistDockNet\results\ACAN\Curcumin\docking_output.pdbqt
ACAN,Baicalein,-8.607,SUCCESS,A,C:\Users\rishi\OneDrive\Desktop\DistDockNet\results\ACAN\Baicalein,C:\Users\rishi\OneDrive\Desktop\DistDockNet\results\ACAN\Baicalein\docking_output.pdbqt
ADAMTS-5,Resveratrol,-7.607,SUCCESS,A,C:\Users\rishi\OneDrive\Desktop\DistDockNet\results\ADAMTS-5\Resveratrol,C:\Users\rishi\OneDrive\Desktop\DistDockNet\results\ADAMTS-5\Resveratrol\docking_output.pdbqt
ADAMTS-5,Quercetin,-8.451,SUCCESS,A,C:\Users\rishi\OneDrive\Desktop\DistDockNet\results\ADAMTS-5\Quercetin,C:\Users\rishi\OneDrive\Desktop\DistDockNet\results\ADAMTS-5\Quercetin\docking_output.pdbqt
ADAMTS-5,Melatonin,-7.786,SUCCESS,A,C:\Users\rishi\OneDrive\Desktop\DistDockNet\results\ADAMTS-5\Melatonin,C:\Users\rishi\OneDrive\Desktop\DistDockNet\results\ADAMTS-5\Melatonin\docking_output.pdbqt
ADAMTS-5,Curcumin,-7.667,SUCCESS,A,C:\Users\rishi\OneDrive\Desktop\DistDockNet\results\ADAMTS-5\Curcumin,C:\Users\rishi\OneDrive\Desktop\DistDockNet\results\ADAMTS-5\Curcumin\docking_output.pdbqt
ADAMTS-5,Baicalein,-8.342,SUCCESS,A,C:\Users\rishi\OneDrive\Desktop\DistDockNet\results\ADAMTS-5\Baicalein,C:\Users\rishi\OneDrive\Desktop\DistDockNet\results\ADAMTS-5\Baicalein\docking_output.pdbqt
TNF-alpha,Resveratrol,-5.706,SUCCESS,A,C:\Users\rishi\OneDrive\Desktop\DistDockNet\results\TNF-alpha\Resveratrol,C:\Users\rishi\OneDrive\Desktop\DistDockNet\results\TNF-alpha\Resveratrol\docking_output.pdbqt
TNF-alpha,Quercetin,-6.531,SUCCESS,A,C:\Users\rishi\OneDrive\Desktop\DistDockNet\results\TNF-alpha\Quercetin,C:\Users\rishi\OneDrive\Desktop\DistDockNet\results\TNF-alpha\Quercetin\docking_output.pdbqt
TNF-alpha,Melatonin,-5.742,SUCCESS,A,C:\Users\rishi\OneDrive\Desktop\DistDockNet\results\TNF-alpha\Melatonin,C:\Users\rishi\OneDrive\Desktop\DistDockNet\results\TNF-alpha\Melatonin\docking_output.pdbqt
TNF-alpha,Curcumin,-5.654,SUCCESS,A,C:\Users\rishi\OneDrive\Desktop\DistDockNet\results\TNF-alpha\Curcumin,C:\Users\rishi\OneDrive\Desktop\DistDockNet\results\TNF-alpha\Curcumin\docking_output.pdbqt
TNF-alpha,Baicalein,-6.578,SUCCESS,A,C:\Users\rishi\OneDrive\Desktop\DistDockNet\results\TNF-alpha\Baicalein,C:\Users\rishi\OneDrive\Desktop\DistDockNet\results\TNF-alpha\Baicalein\docking_output.pdbqt
NLRP3,Resveratrol,-8.54,SUCCESS,A,C:\Users\rishi\OneDrive\Desktop\DistDockNet\results\NLRP3\Resveratrol,C:\Users\rishi\OneDrive\Desktop\DistDockNet\results\NLRP3\Resveratrol\docking_output.pdbqt
NLRP3,Quercetin,-7.938,SUCCESS,A,C:\Users\rishi\OneDrive\Desktop\DistDockNet\results\NLRP3\Quercetin,C:\Users\rishi\OneDrive\Desktop\DistDockNet\results\NLRP3\Quercetin\docking_output.pdbqt
NLRP3,Melatonin,-7.544,SUCCESS,A,C:\Users\rishi\OneDrive\Desktop\DistDockNet\results\NLRP3\Melatonin,C:\Users\rishi\OneDrive\Desktop\DistDockNet\results\NLRP3\Melatonin\docking_output.pdbqt
NLRP3,Curcumin,-8.749,SUCCESS,A,C:\Users\rishi\OneDrive\Desktop\DistDockNet\results\NLRP3\Curcumin,C:\Users\rishi\OneDrive\Desktop\DistDockNet\results\NLRP3\Curcumin\docking_output.pdbqt
NLRP3,Baicalein,-9.095,SUCCESS,A,C:\Users\rishi\OneDrive\Desktop\DistDockNet\results\NLRP3\Baicalein,C:\Users\rishi\OneDrive\Desktop\DistDockNet\results\NLRP3\Baicalein\docking_output.pdbqt
IKKbeta,Resveratrol,-8.464,SUCCESS,A,C:\Users\rishi\OneDrive\Desktop\DistDockNet\results\IKKbeta\Resveratrol,C:\Users\rishi\OneDrive\Desktop\DistDockNet\results\IKKbeta\Resveratrol\docking_output.pdbqt
IKKbeta,Quercetin,-8.615,SUCCESS,A,C:\Users\rishi\OneDrive\Desktop\DistDockNet\results\IKKbeta\Quercetin,C:\Users\rishi\OneDrive\Desktop\DistDockNet\results\IKKbeta\Quercetin\docking_output.pdbqt
IKKbeta,Melatonin,-6.747,SUCCESS,A,C:\Users\rishi\OneDrive\Desktop\DistDockNet\results\IKKbeta\Melatonin,C:\Users\rishi\OneDrive\Desktop\DistDockNet\results\IKKbeta\Melatonin\docking_output.pdbqt
IKKbeta,Curcumin,-7.237,SUCCESS,A,C:\Users\rishi\OneDrive\Desktop\DistDockNet\results\IKKbeta\Curcumin,C:\Users\rishi\OneDrive\Desktop\DistDockNet\results\IKKbeta\Curcumin\docking_output.pdbqt
IKKbeta,Baicalein,-9.43,SUCCESS,A,C:\Users\rishi\OneDrive\Desktop\DistDockNet\results\IKKbeta\Baicalein,C:\Users\rishi\OneDrive\Desktop\DistDockNet\results\IKKbeta\Baicalein\docking_output.pdbqt
SIRT1,Resveratrol,-8.893,SUCCESS,A,C:\Users\rishi\OneDrive\Desktop\DistDockNet\results\SIRT1\Resveratrol,C:\Users\rishi\OneDrive\Desktop\DistDockNet\results\SIRT1\Resveratrol\docking_output.pdbqt
SIRT1,Quercetin,-9.294,SUCCESS,A,C:\Users\rishi\OneDrive\Desktop\DistDockNet\results\SIRT1\Quercetin,C:\Users\rishi\OneDrive\Desktop\DistDockNet\results\SIRT1\Quercetin\docking_output.pdbqt
SIRT1,Melatonin,-8.317,SUCCESS,A,C:\Users\rishi\OneDrive\Desktop\DistDockNet\results\SIRT1\Melatonin,C:\Users\rishi\OneDrive\Desktop\DistDockNet\results\SIRT1\Melatonin\docking_output.pdbqt
SIRT1,Curcumin,-8.391,SUCCESS,A,C:\Users\rishi\OneDrive\Desktop\DistDockNet\results\SIRT1\Curcumin,C:\Users\rishi\OneDrive\Desktop\DistDockNet\results\SIRT1\Curcumin\docking_output.pdbqt
SIRT1,Baicalein,-8.903,SUCCESS,A,C:\Users\rishi\OneDrive\Desktop\DistDockNet\results\SIRT1\Baicalein,C:\Users\rishi\OneDrive\Desktop\DistDockNet\results\SIRT1\Baicalein\docking_output.pdbqt
SOX9,Resveratrol,-5.748,SUCCESS,A,C:\Users\rishi\OneDrive\Desktop\DistDockNet\results\SOX9\Resveratrol,C:\Users\rishi\OneDrive\Desktop\DistDockNet\results\SOX9\Resveratrol\docking_output.pdbqt
SOX9,Quercetin,-6.149,SUCCESS,A,C:\Users\rishi\OneDrive\Desktop\DistDockNet\results\SOX9\Quercetin,C:\Users\rishi\OneDrive\Desktop\DistDockNet\results\SOX9\Quercetin\docking_output.pdbqt
SOX9,Melatonin,-4.995,SUCCESS,A,C:\Users\rishi\OneDrive\Desktop\DistDockNet\results\SOX9\Melatonin,C:\Users\rishi\OneDrive\Desktop\DistDockNet\results\SOX9\Melatonin\docking_output.pdbqt
SOX9,Curcumin,-6.603,SUCCESS,A,C:\Users\rishi\OneDrive\Desktop\DistDockNet\results\SOX9\Curcumin,C:\Users\rishi\OneDrive\Desktop\DistDockNet\results\SOX9\Curcumin\docking_output.pdbqt
SOX9,Baicalein,-6.037,SUCCESS,A,C:\Users\rishi\OneDrive\Desktop\DistDockNet\results\SOX9\Baicalein,C:\Users\rishi\OneDrive\Desktop\DistDockNet\results\SOX9\Baicalein\docking_output.pdbqt
STAT3,Resveratrol,-6.544,SUCCESS,A,C:\Users\rishi\OneDrive\Desktop\DistDockNet\results\STAT3\Resveratrol,C:\Users\rishi\OneDrive\Desktop\DistDockNet\results\STAT3\Resveratrol\docking_output.pdbqt
STAT3,Quercetin,-7.167,SUCCESS,A,C:\Users\rishi\OneDrive\Desktop\DistDockNet\results\STAT3\Quercetin,C:\Users\rishi\OneDrive\Desktop\DistDockNet\results\STAT3\Quercetin\docking_output.pdbqt
STAT3,Melatonin,-6.019,SUCCESS,A,C:\Users\rishi\OneDrive\Desktop\DistDockNet\results\STAT3\Melatonin,C:\Users\rishi\OneDrive\Desktop\DistDockNet\results\STAT3\Melatonin\docking_output.pdbqt
STAT3,Curcumin,-6.301,SUCCESS,A,C:\Users\rishi\OneDrive\Desktop\DistDockNet\results\STAT3\Curcumin,C:\Users\rishi\OneDrive\Desktop\DistDockNet\results\STAT3\Curcumin\docking_output.pdbqt
STAT3,Baicalein,-7.3,SUCCESS,A,C:\Users\rishi\OneDrive\Desktop\DistDockNet\results\STAT3\Baicalein,C:\Users\rishi\OneDrive\Desktop\DistDockNet\results\STAT3\Baicalein\docking_output.pdbqt
