protein,Resveratrol,Quercetin,Melatonin,Curcumin,Baicalein
MMP-7,-6.458,-7.524,-6.731,-6.771,-7.681
MMP-13,-8.775,-10.305,-7.836,-9.488,-9.37
MMP-19,-7.431,-7.697,-5.59,-5.786,-7.6
IL-6,-7.057,-7.878,-6.251,-6.188,-7.733
MD-2,-8.297,-7.855,-6.256,-7.326,-7.712
IL-1beta,-6.785,-7.471,-6.338,-6.434,-7.519
HIF-1alpha,-7.324,-6.951,-6.424,-6.779,-7.39
COL2A1,-3.267,-3.838,-3.168,-3.002,-3.945
ACAN,-7.798,-8.483,-7.409,-8.35,-8.607
ADAMTS-5,-7.607,-8.451,-7.786,-7.667,-8.342
TNF-alpha,-5.706,-6.531,-5.742,-5.654,-6.578
NLRP3,-8.54,-7.938,-7.544,-8.749,-9.095
IKKbeta,-8.464,-8.615,-6.747,-7.237,-9.43
SIRT1,-8.893,-9.294,-8.317,-8.391,-8.903
SOX9,-5.748,-6.149,-4.995,-6.603,-6.037
STAT3,-6.544,-7.167,-6.019,-6.301,-7.3
